,dbn,school_name,primary_address_line_1,city,num of sat test takers,sat critical reading avg. score,sat math avg. score,sat writing avg. score,total cohort  - june,total math/ela apm - june,% of cohort - june,total cohort  - august,total math/ela apm - august,% of cohort - august,ontrack_year1_2013,graduation_rate_2013,college_career_rate_2013,student_satisfaction_2013,ontrack_year1_2012,graduation_rate_2012,college_career_rate_2012,student_satisfaction_2012
0,01M292,Henry Street School for International Studies,220 Henry Street,New York,29,355,404,363,78,7,9%,78,7,9%,62%,58%,32%,7.1,81%,51%,40%,6.3
1,01M448,University Neighborhood High School,200 Monroe Street,New York,91,383,423,366,124,17,13.7%,124,17,13.7%,83%,78%,55%,7.5,92%,74%,67%,6.6
2,01M450,East Side Community School,420 East 12 Street,New York,70,377,402,370,,,,,,,92%,76%,58%,8.4,92%,73%,56%,7.3
3,01M509,Marta Valle High School,145 Stanton Street,New York,44,390,433,384,84,14,16.7%,84,14,16.7%,59%,36%,38%,6.5,69%,60%,48%,6.5
4,01M539,"New Explorations into Science, Technology and Math High School",111 Columbia Street,New York,159,522,574,525,46,42,91.3%,46,42,91.3%,99%,98%,84%,7.6,97%,98%,83%,7.2
5,01M696,Bard High School Early College,525 East Houston Street,New York,130,624,604,628,139,99,71.2%,139,100,71.9%,96%,98%,94%,8.2,96%,97%,97%,8.0
6,02M047,47 The American Sign Language and English Secondary School,223 East 23 Street,New York,16,395,400,387,25,1,4%,25,1,4%,98%,71%,42%,7.5,68%,55%,30%,7.3
7,02M135,The Urban Assembly School for Emergency Management,439 West 49Th Street,New York,,,,,,,,,,,,,,,,,,
8,02M139,Stephen T. Mather Building Arts & Craftsmanship High School,411 Pearl Street,New York,,,,,,,,,,,,,,,,,,
9,02M260,M.S. 260 Clinton School Writers & Artists,425 West 33Rd Street,Manhattan,,,,,,,,,,,,,,,,,,
10,02M280,Manhattan Early College School for Advertising,411 Pearl Street,New York,,,,,,,,,,,,,,,,,,
11,02M282,Urban Assembly Maker Academy,411 Peal Street,New York,,,,,,,,,,,,,,,,,,
12,02M288,Food and Finance High School,525 West 50Th Street,New York,62,409,393,392,102,14,13.7%,102,14,13.7%,89%,84%,53%,6.8,89%,77%,60%,6.6
13,02M294,Essex Street Academy,350 Grand Street,New York,53,394,384,378,,,,,,,90%,65%,49%,7.9,90%,77%,61%,7.5
14,02M296,High School of Hospitality Management,525 West 50Th Street,New York,58,374,375,362,75,14,18.7%,75,14,18.7%,82%,66%,52%,7.3,87%,78%,43%,7.1
15,02M298,Pace High School,100 Hester Street,New York,85,423,438,432,92,28,30.4%,92,28,30.4%,94%,89%,69%,7.5,90%,87%,79%,7.0
16,02M300,"Urban Assembly School of Design and Construction, The",525 West 50Th Street,New York,48,404,449,416,80,12,15%,80,12,15%,73%,55%,55%,6.8,61%,61%,47%,6.5
17,02M303,"Facing History School, The",525 West 50Th Street,New York,76,353,358,340,,,,,,,78%,62%,52%,7.8,77%,65%,43%,6.9
18,02M305,"Urban Assembly Academy of Government and Law, The",350 Grand Street,New York,50,375,388,385,61,3,4.9%,61,3,4.9%,83%,83%,60%,6.8,79%,78%,64%,6.3
19,02M308,Lower Manhattan Arts Academy,350 Grand Street,New York,40,403,392,405,68,5,7.4%,68,5,7.4%,67%,75%,52%,7.2,75%,68%,59%,6.7
20,02M316,"Urban Assembly School of Business for Young Women, the",26 Broadway,New York,42,373,370,384,72,5,6.9%,72,5,6.9%,77%,75%,48%,6.9,80%,71%,64%,6.9
21,02M374,Gramercy Arts High School,40 Irving Place,New York,60,391,391,394,93,3,3.2%,93,3,3.2%,82%,77%,50%,6.9,82%,74%,48%,6.7
22,02M376,NYC iSchool,131 Avenue Of The Americas,New York,92,473,483,479,,,,,,,98%,94%,86%,7.9,96%,95%,,7.7
23,02M392,MANHATTAN BUSINESS ACADEMY,351 West 18 Street,New York,,,,,,,,,,,83%,86%,,7.5,80%,,,7.0
24,02M393,BUSINESS OF SPORTS SCHOOL,439 West 49Th Street,New York,,,,,,,,,,,72%,72%,,7.4,81%,,,6.7
25,02M399,THE HIGH SCHOOL FOR LANGUAGE AND DIPLOMACY,40 Irving Place,New York,,,,,,,,,,,77%,67%,,7.1,65%,,,6.5
26,02M400,High School for Environmental Studies,444 West 56 Street,New York,263,465,493,461,352,122,34.7%,352,129,36.6%,85%,83%,64%,7.4,79%,82%,81%,6.9
27,02M407,Institute for Collaborative Education,345 East 15Th Street,New York,54,492,465,467,,,,,,,100%,94%,58%,8.2,98%,86%,57%,7.8
28,02M408,Professional Performing Arts High School,328 West 48 Street,New York,94,509,490,523,80,25,31.3%,80,26,32.5%,93%,96%,66%,7.2,87%,93%,68%,7.1
29,02M411,Baruch College Campus High School,55 East 25 Street,New York,104,496,563,518,105,74,70.5%,105,74,70.5%,100%,99%,96%,8.0,100%,100%,91%,7.5
30,02M412,N.Y.C. Lab School for Collaborative Studies,333 West 17 Street,New York,114,537,590,550,124,70,56.5%,124,74,59.7%,95%,95%,73%,7.7,95%,93%,88%,7.0
31,02M413,School of the Future High School,127 East 22 Street,New York,66,517,533,515,,,,,,,95%,85%,77%,7.7,97%,83%,63%,7.4
32,02M414,N.Y.C. Museum School,333 West 17 Street,New York,103,468,492,459,106,22,20.8%,106,22,20.8%,99%,98%,91%,7.1,99%,100%,86%,7.0
33,02M416,Eleanor Roosevelt High School,411 East 76 Street,New York,127,572,594,592,127,103,81.1%,127,103,81.1%,100%,100%,97%,8.3,100%,98%,97%,7.8
34,02M418,Millennium High School,75 Broad Street,New York,144,528,553,533,150,97,64.7%,150,99,66%,100%,99%,86%,8.0,97%,100%,84%,7.4
35,02M419,Landmark High School,351 West 18 Street,New York,62,390,399,381,,,,,,,80%,50%,41%,7.2,69%,51%,43%,6.5
36,02M420,High School for Health Professions and Human Services,345 East 15Th Street,New York,336,429,449,428,341,90,26.4%,341,91,26.7%,89%,86%,77%,7.5,88%,88%,72%,6.7
37,02M422,Quest to Learn,351 West 18 Street,New York,,,,,,,,,,,84%,,,7.6,,,,7.3
38,02M425,Leadership and Public Service High School,90 Trinity Place,New York,84,416,426,391,144,18,12.5%,144,18,12.5%,75%,68%,43%,7.2,79%,59%,49%,6.5
39,02M427,MANHATTAN ACADEMY FOR ARTS & LANGUAGE,111 East 33Rd Street,New York,,,,,,,,,,,61%,,,8.0,62%,,,6.9
40,02M432,Murray Hill Academy,111 East 33Rd Street,New York,,,,,,,,,,,,,,7.7,,,,6.9
41,02M437,Hudson High School of Learning Technologies,351 West 18 Street,New York,,,,,,,,,,,74%,,,7.3,54%,,,7.0
42,02M438,International High School at Union Square,40 Irving Place,New York,,,,,,,,,,,81%,,,8.1,84%,,,7.4
43,02M439,Manhattan Village Academy,43 West 22 Street,New York,95,441,473,458,,,,,,,100%,97%,83%,7.7,98%,98%,77%,7.2
44,02M449,Vanguard High School,317 East 67 Street,New York,72,395,416,388,,,,,,,68%,75%,59%,7.3,81%,71%,55%,7.1
45,02M459,Manhattan International High School,317 East 67 Street,New York,49,376,460,391,,,,,,,81%,56%,55%,8.4,64%,64%,49%,7.6
46,02M475,Stuyvesant High School,345 Chambers Street,New York,832,679,735,682,787,773,98.2%,787,778,98.9%,99%,98%,99%,7.7,99%,99%,99%,7.1
47,02M489,High School of Economics and Finance,100 Trinity Place,New York,167,443,489,442,177,53,29.9%,177,54,30.5%,83%,75%,77%,7.4,87%,81%,74%,6.7
48,02M500,Unity Center for Urban Technologies,111 East 33Rd Street,New York,25,370,349,351,53,1,1.9%,53,1,1.9%,80%,68%,40%,7.6,83%,70%,50%,8.4
49,02M507,Urban Assembly Gateway School for Technology,439 West 49Th Street,New York,,,,,,,,,,,83%,,,7.8,81%,,,7.7
50,02M519,Talent Unlimited High School,317 East 67 Street,New York,81,469,472,475,136,45,33.1%,136,45,33.1%,97%,96%,81%,7.7,93%,96%,82%,6.7
51,02M520,Murry Bergtraum High School for Business Careers,411 Pearl Street,New York,264,407,440,393,637,112,17.6%,637,114,17.9%,56%,51%,43%,6.1,60%,62%,42%,6.1
52,02M529,Jacqueline Kennedy Onassis High School,120 West 46 Street,New York,131,414,425,400,148,29,19.6%,148,31,20.9%,67%,66%,43%,7.4,75%,69%,40%,6.8
53,02M531,Repertory Company High School for Theatre Arts,123 West 43 Street,New York,42,429,404,420,49,2,4.1%,49,2,4.1%,100%,96%,61%,6.9,98%,91%,63%,6.6
54,02M533,Union Square Academy for Health Sciences,40 Irving Place,New York,,,,,,,,,,,89%,,,8.5,,,,
55,02M534,Harvest Collegiate High School,34 West 14 Street,New York,,,,,,,,,,,100%,,,8.0,,,,
56,02M542,Manhattan Bridges High School,525 West 50Th Street,New York,66,336,378,344,111,13,11.7%,111,13,11.7%,98%,82%,70%,8.3,92%,87%,52%,7.2
57,02M543,New Design High School,350 Grand Street,New York,73,391,395,382,101,8,7.9%,101,8,7.9%,73%,85%,58%,7.6,90%,79%,48%,7.3
58,02M545,High School for Dual Language and Asian Studies,350 Grand Street,New York,78,412,581,431,54,40,74.1%,54,40,74.1%,98%,98%,88%,7.6,96%,93%,95%,7.1
59,02M546,Academy for Software Engineering,40 Irving Place,New York,,,,,,,,,,,97%,,,8.3,,,,
60,02M551,Urban Assembly New York Harbor School,550 Wheeler Avenue,Manhattan,77,405,423,384,77,7,9.1%,77,7,9.1%,90%,71%,71%,7.3,77%,86%,54%,6.9
61,02M580,Richard R. Green High School of Teaching,26 Broadway,New York,84,408,384,403,134,27,20.1%,134,27,20.1%,71%,72%,55%,7.0,61%,74%,41%,6.8
62,02M600,The High School of Fashion Industries,225 West 24 Street,New York,335,423,423,411,416,145,34.9%,416,148,35.6%,91%,91%,66%,7.1,90%,89%,64%,6.5
63,02M605,Humanities Preparatory Academy,351 West 18 Street,New York,36,426,403,426,,,,,,,,,,8.1,,,,6.9
64,02M615,Chelsea Career and Technical Education High School,131 Avenue Of The Americas,New York,83,399,418,390,173,8,4.6%,173,8,4.6%,83%,80%,41%,7.5,77%,73%,25%,6.9
65,02M630,Art and Design High School,231-249 East 56 Street,New York,270,444,441,430,320,44,13.8%,320,44,13.8%,81%,84%,82%,6.9,89%,82%,51%,6.4
66,02M655,Life Sciences Secondary School,320 East 96 Street,New York,61,409,424,403,118,11,9.3%,118,11,9.3%,82%,64%,40%,6.8,85%,69%,46%,6.2
67,03M299,"High School for Arts, Imagination and Inquiry",122 Amsterdam Avenue,New York,49,374,384,374,89,4,4.5%,89,4,4.5%,74%,75%,40%,7.2,77%,66%,37%,6.4
68,03M307,"Urban Assembly School for Media Studies, The",122 Amsterdam Avenue,New York,41,384,390,370,100,5,5%,100,5,5%,77%,61%,40%,7.2,80%,67%,42%,6.7
69,03M402,The Urban Assembly School for Green Careers,145 West 84 Street,New York,,,,,,,,,,,70%,40%,,6.7,85%,,,7.1
70,03M403,The Global Learning Collaborative,145 West 84 Street,New York,,,,,,,,,,,82%,53%,,7.2,63%,,,6.9
71,03M415,Wadleigh Secondary School for the Performing & Visual Arts,215 West 114 Street,New York,32,371,368,370,127,11,8.7%,127,13,10.2%,57%,44%,31%,6.9,66%,43%,42%,6.0
72,03M417,FRANK McCOURT HIGH SCHOOL,145 West 84 Street,New York,,,,,,,,,,,85%,,,7.5,94%,,,7.2
73,03M479,Beacon High School,227-243 West 61St Street,New York,261,577,575,592,,,,,,,97%,99%,84%,8.1,99%,98%,89%,7.8
74,03M485,Fiorello H. LaGuardia High School of Music & Art and Performing Arts,100 Amsterdam Avenue,New York,531,566,564,577,646,487,75.4%,646,490,75.9%,99%,98%,86%,7.3,99%,100%,93%,6.8
75,03M492,"High School for Law, Advocacy and Community Justice",122 Amsterdam Avenue,New York,66,396,398,402,107,10,9.3%,107,10,9.3%,76%,74%,41%,7.1,68%,79%,53%,6.9
76,03M494,High School of Arts and Technology,122 Amsterdam Avenue,New York,75,433,433,411,137,17,12.4%,137,17,12.4%,77%,64%,51%,6.9,79%,68%,41%,6.7
77,03M541,Manhattan / Hunter Science High School,122 Amsterdam Avenue,New York,111,473,506,467,90,68,75.6%,90,68,75.6%,94%,91%,89%,7.8,100%,95%,82%,7.2
78,03M859,Special Music School,122 Amsterdam Avenue,New York,,,,,,,,,,,,,,,,,,
79,03M860,Frederick Douglass Academy II Secondary School,215 West 114 Street,New York,43,356,379,361,54,6,11.1%,54,6,11.1%,89%,65%,59%,7.0,81%,68%,52%,6.5
80,04M372,ESPERANZA PREPARATORY ACADEMY,240 East 109 Street,New York,,,,,,,,,,,94%,,,8.0,,,,7.7
81,04M409,Coalition School for Social Change,2351 1St Avenue,New York,48,354,357,373,76,3,3.9%,76,3,3.9%,65%,41%,22%,7.5,67%,47%,33%,6.7
82,04M435,Manhattan Center for Science and Mathematics,260 Pleasant Avenue,New York,375,461,514,455,381,212,55.6%,381,215,56.4%,95%,90%,77%,7.2,96%,91%,74%,6.6
83,04M495,Park East High School,230 East 105 Street,New York,51,373,379,376,92,5,5.4%,92,6,6.5%,76%,76%,51%,8.0,92%,82%,47%,7.1
84,04M555,Central Park East High School,1573 Madison Avenue,New York,73,405,421,395,,,,,,,87%,93%,73%,7.9,94%,85%,58%,7.2
85,04M610,Young Women's Leadership School,105 East 106 Street,New York,70,432,446,448,55,23,41.8%,55,23,41.8%,95%,100%,91%,8.1,97%,100%,83%,7.4
86,04M680,"Heritage School, The",1680 Lexington Avenue,New York,31,358,351,345,75,7,9.3%,75,8,10.7%,78%,61%,36%,6.5,84%,63%,29%,6.3
87,05M157,The Urban Assembly School for Global Commerce,2005 Madison Avenue,New York,,,,,,,,,,,,,,,,,,
88,05M304,Mott Hall High School,6 Edgecombe Avenue,New York,54,413,399,398,96,14,14.6%,96,14,14.6%,76%,69%,45%,7.3,67%,65%,59%,6.7
89,05M362,Columbia Secondary School,425 West 123 Street,New York,,,,,,,,,,,89%,,,7.3,96%,,,7.0
90,05M367,Academy for Social Action: A College Board School,509 West 129 Street,New York,33,354,366,342,,,,,,,63%,59%,23%,6.5,78%,37%,71%,5.6
91,05M369,Urban Assembly School for the Performing Arts,509 West 129 Street,New York,56,360,353,364,62,6,9.7%,62,6,9.7%,85%,68%,60%,6.6,78%,75%,57%,5.9
92,05M499,Frederick Douglass Academy,2581 7Th Avenue,New York,214,458,474,442,259,119,45.9%,259,121,46.7%,64%,80%,76%,6.9,47%,82%,73%,6.2
93,05M670,Thurgood Marshall Academy for Learning and Social Change,200-214 West 135Th Street,New York,66,396,402,404,95,17,17.9%,95,17,17.9%,63%,94%,63%,7.6,75%,90%,65%,6.9
94,05M692,"High School for Mathematics, Science and Engineering at City College",240 Convent Ave,New York,101,605,654,588,106,100,94.3%,106,104,98.1%,100%,99%,98%,8.2,97%,99%,60%,7.6
95,06M211,Inwood Early College for Health and Information Technologies,650 Academy Street,New York,,,,,,,,,,,,,,,,,,
96,06M293,City College Academy of the Arts,4600 Broadway,New York,60,408,446,416,,,,,,,84%,88%,95%,8.1,88%,95%,,7.5
97,06M346,Community Health Academy of the Heights,504 West 158Th Street,New York,55,362,376,367,,,,,,,64%,58%,45%,8.2,49%,72%,,7.1
98,06M348,Washington Heights Expeditionary Learning School,511 West 182Nd Street,New York,70,380,395,399,,,,,,,77%,66%,58%,8.2,93%,73%,,7.5
99,06M423,High School for Excellence and Innovation,650 Academy Street,New York,,,,,,,,,,,,,,8.0,,,,6.9
100,06M462,The College Academy,549 Audubon Avenue,New York,76,365,384,378,185,18,9.7%,185,19,10.3%,76%,64%,42%,7.5,72%,59%,43%,6.8
101,06M463,High School for Media and Communications,549 Audubon Avenue,New York,63,369,380,349,161,10,6.2%,161,11,6.8%,68%,62%,45%,7.5,62%,64%,37%,6.6
102,06M467,High School for Law and Public Service,549 Audubon Avenue,New York,94,363,378,361,171,16,9.4%,171,16,9.4%,68%,60%,39%,7.1,71%,65%,53%,6.5
103,06M468,High School for Health Careers and Sciences,549 Audubon Avenue,New York,24,400,422,402,158,21,13.3%,158,21,13.3%,65%,49%,36%,7.2,67%,57%,41%,6.6
104,06M540,A. Philip Randolph Campus High School,443 West 135 Street,New York,228,430,456,423,267,62,23.2%,267,63,23.6%,73%,73%,65%,8.9,90%,75%,63%,6.1
105,06M552,Gregorio Luperon High School for Science and Mathematics,501 West 165Th,New York,56,339,349,326,91,11,12.1%,91,11,12.1%,70%,64%,56%,8.2,46%,76%,52%,7.5
106,07X221,South Bronx Preparatory: A College Board School,360 East 145 Street,Bronx,65,364,378,348,80,10,12.5%,80,10,12.5%,91%,86%,63%,7.9,82%,89%,63%,7.1
107,07X223,M.S. 223 The Laboratory School of Finance and Technology,360 East 145 Street,Bronx,,,,,,,,,,,,,,,,,,
108,07X259,"H.E.R.O. High (Health, Education, and Research Occupations High School)",455 Southern Blvd,Bronx,,,,,,,,,,,,,,,,,,
109,07X334,International Community High School,345 Brook Avenue,Bronx,34,310,324,311,10,,,10,,,55%,31%,28%,7.7,86%,47%,41%,7.1
110,07X427,Community School for Social Justice,350 Gerard Avenue,Bronx,43,361,359,357,,,,,,,78%,69%,53%,8.3,86%,60%,60%,7.5
111,07X473,Mott Haven Village Preparatory High School,701 St. Anns Avenue,Bronx,63,351,375,371,69,0,0%,69,0,0%,79%,51%,42%,7.5,79%,65%,39%,7.1
112,07X495,University Heights Secondary School,701 St. Anns Avenue,Bronx,79,403,394,404,,,,,,,99%,85%,69%,7.9,99%,89%,71%,6.4
113,07X500,Hostos-Lincoln Academy of Science,600 Saint Ann'S Avenue,Bronx,66,420,426,411,61,25,41%,61,25,41%,82%,75%,76%,7.2,77%,79%,74%,6.7
114,07X520,Foreign Language Academy of Global Studies,470 Jackson Avenue,Bronx,64,399,396,391,136,19,14%,136,19,14%,62%,48%,34%,6.8,65%,53%,57%,6.1
115,07X522,Bronx Design and Construction Academy,333 East 151 Street,Bronx,,,,,,,,,,,61%,,,7.9,72%,,,7.3
116,07X527,Bronx Leadership Academy II High School,730 Concourse Village West,Bronx,62,362,378,363,102,10,9.8%,102,10,9.8%,91%,62%,55%,7.3,77%,65%,37%,6.5
117,07X547,New Explorers High School,730 Concourse Village West,Bronx,28,367,356,361,81,4,4.9%,81,5,6.2%,66%,54%,25%,7.4,69%,58%,20%,6.6
118,07X548,Urban Assembly School for Careers in Sports,730 Concourse Village West,Bronx,44,387,411,383,82,2,2.4%,82,3,3.7%,85%,68%,48%,7.6,87%,73%,55%,6.9
119,07X551,The Urban Assembly Bronx Academy of Letters,339 Morris Avenue,Bronx,51,413,381,407,76,7,9.2%,76,7,9.2%,68%,87%,65%,6.9,65%,78%,66%,6.5
120,07X600,Alfred E. Smith Career and Technical Education High School,333 East 151 Street,Bronx,76,394,400,364,267,6,2.2%,267,6,2.2%,75%,51%,23%,6.8,77%,56%,15%,6.2
121,07X670,Health Opportunities High School,350 Gerard Avenue,Bronx,114,363,368,364,134,19,14.2%,134,20,14.9%,68%,69%,54%,7.2,57%,74%,63%,6.2
122,08X269,Bronx Studio School for Writers and Artists,928 Simpson Street,Bronx,,,,,,,,,,,75%,70%,,7.4,43%,,,7.0
123,08X282,Women's Academy of Excellence,456 White Plains Road,Bronx,44,407,386,378,75,10,13.3%,75,11,14.7%,63%,66%,43%,5.3,61%,68%,74%,5.7
124,08X293,Renaissance High School for Musical Theater & Technology,3000 East Tremont Avenue,Bronx,52,384,385,389,117,10,8.5%,117,11,9.4%,80%,80%,41%,7.1,74%,66%,39%,6.6
125,08X305,Pablo Neruda Academy,1980 Lafayette Avenue,Bronx,67,337,361,340,101,7,6.9%,101,7,6.9%,82%,61%,27%,7.4,71%,61%,38%,7.0
126,08X312,Millennium Art Academy,1980 Lafayette Avenue,Bronx,67,387,402,375,108,7,6.5%,108,7,6.5%,89%,66%,34%,7.2,86%,61%,28%,6.4
127,08X320,Pelham Lab High School,3000 East Tremont Avenue,Bronx,,,,,,,,,,,,,,,,,,
128,08X332,Holcombe L. Rucker School of Community Research,965 Longwood Avenue,Bronx,39,363,371,350,89,11,12.4%,89,11,12.4%,74%,51%,27%,7.4,66%,52%,37%,6.7
129,08X348,Schuylerville Preparatory High School,3000 East Tremont Avenue,Bronx,,,,,,,,,,,,,,,,,,
130,08X349,Bronx River High School,3000 East Tremont Avenue,Bronx,,,,,,,,,,,,,,,,,,
131,08X367,"Archimedes Academy for Math, Science and Technology Applications",456 White Plains Road,Bronx,,,,,,,,,,,76%,,,6.5,74%,,,6.3
132,08X376,Antonia Pantoja Preparatory Academy: A College Board School,1980 Lafayette Avenue,Bronx,,,,,,,,,,,62%,,,6.4,49%,,,6.3
133,08X405,Herbert H. Lehman High School.,3000 East Tremont Avenue,Bronx,415,412,436,393,1092,181,16.6%,1092,193,17.7%,55%,54%,33%,6.3,47%,50%,34%,6.3
134,08X432,BRONX BRIDGES HIGH SCHOOL,1980 Lafayette Avenue,Bronx,,,,,,,,,,,84%,,,7.6,90%,,,6.6
135,08X452,Bronx Guild,1980 Lafayette Avenue,Bronx,39,369,371,365,64,1,1.6%,64,1,1.6%,79%,52%,45%,7.2,73%,64%,40%,6.9
136,08X519,"Felisa Rincon de Gautier Institute for Law and Public Policy, The",1440 Story Avenue,Bronx,68,373,370,356,99,0,0%,99,0,0%,75%,43%,32%,7.0,81%,66%,35%,6.2
137,08X530,Banana Kelly High School,965 Longwood Avenue,Bronx,54,373,381,377,,,,,,,80%,42%,33%,7.7,71%,49%,32%,6.6
138,08X558,Westchester Square Academy,3000 East Tremont Avenue,Bronx,,,,,,,,,,,76%,,,6.4,,,,
139,08X559,School for Tourism and Hospitality,900 Tinton Avenue,Bronx,,,,,,,,,,,77%,,,7.4,,,,
140,08X561,Bronx Compass High School,1980 Lafayette Avenue,Bronx,,,,,,,,,,,82%,,,7.8,,,,
141,09X227,Bronx Collegiate Academy,240 East 172 Street,Bronx,39,324,376,349,96,2,2.1%,96,2,2.1%,69%,57%,34%,8.3,80%,56%,37%,7.4
142,09X231,Eagle Academy for Young Men,4143 Third Avenue,Bronx,78,373,387,374,100,14,14%,100,14,14%,69%,68%,58%,7.3,67%,73%,53%,6.7
143,09X241,"Urban Assembly School for Applied Math and Science, The",1595 Bathgate Avenue,Bronx,80,411,464,415,,,,,,,84%,89%,92%,7.4,77%,94%,86%,6.6
144,09X250,Eximius College Preparatory Academy: A College Board School,1363 Fulton Avenue,Bronx,50,393,394,382,60,9,15%,60,9,15%,77%,82%,46%,8.0,74%,82%,50%,6.8
145,09X252,Mott Hall Bronx High School,1595 Bathgate Avenue,Bronx,67,369,367,356,107,3,2.8%,107,3,2.8%,83%,85%,65%,7.6,84%,82%,68%,6.8
146,09X260,Bronx Center for Science and Mathematics,1363 Fulton Avenue,Bronx,81,459,480,457,100,59,59%,100,61,61%,92%,92%,78%,8.0,88%,88%,66%,7.4
147,09X263,Validus Preparatory Academy: An Expeditionary Learning School,1595 Bathgate Avenue,Bronx,74,356,363,356,120,4,3.3%,120,4,3.3%,89%,65%,41%,8.0,74%,65%,40%,7.2
148,09X276,Leadership Institute,1701 Fulton Avenue,Bronx,30,361,353,367,67,5,7.5%,67,5,7.5%,51%,56%,28%,7.6,50%,45%,39%,6.9
149,09X297,Morris Academy for Collaborative Studies,1110 Boston Road,Bronx,38,386,386,376,99,10,10.1%,99,10,10.1%,71%,63%,34%,7.2,80%,64%,30%,6.5
150,09X324,Bronx Early College Academy for Teaching & Learning,250 East 164 Street,Bronx,,,,,,,,,,,94%,94%,,7.1,85%,,,6.6
151,09X327,Comprehensive Model School Project M.S. 327,1501 Jerome Avenue,Bronx,,,,,,,,,,,90%,,,7.7,,,,6.8
152,09X329,DreamYard Preparatory School,240 East 172 Street,Bronx,51,382,365,391,93,10,10.8%,93,12,12.9%,77%,33%,37%,7.3,74%,54%,34%,6.7
153,09X350,New Directions Secondary School,240 East 172 Street,Bronx,,,,,,,,,,,,,,,,,,
154,09X365,Academy for Language and Technology,1700 Macombs Road,Bronx,54,315,339,297,,,,,,,98%,86%,42%,7.8,96%,82%,31%,7.0
155,09X403,Bronx International High School,1110 Boston Road,Bronx,49,314,312,339,88,8,9.1%,88,9,10.2%,88%,50%,45%,7.8,90%,63%,41%,7.2
156,09X404,School for Excellence,1110 Boston Road,Bronx,32,363,360,351,108,6,5.6%,108,6,5.6%,73%,62%,27%,6.9,77%,57%,29%,7.0
157,09X412,Bronx High School of Business,240 East 172 Street,Bronx,34,356,376,351,110,11,10%,110,11,10%,70%,43%,34%,7.1,71%,43%,30%,6.4
158,09X413,Bronx High School for Medical Science,240 East 172 Street,Bronx,64,400,419,402,103,35,34%,103,35,34%,94%,88%,84%,7.1,76%,93%,57%,6.2
159,09X505,"Bronx School for Law, Government and Justice",244 East 163 Street,Bronx,80,404,418,402,122,8,6.6%,122,8,6.6%,71%,84%,66%,6.5,73%,74%,62%,6.5
160,09X517,Frederick Douglass Academy III Secondary School,3630 Third Avenue,Bronx,50,368,384,369,87,14,16.1%,87,14,16.1%,66%,69%,49%,7.1,68%,79%,52%,7.0
161,09X525,Bronx Leadership Academy High School,1710 Webster Avenue,Bronx,114,384,394,388,178,27,15.2%,178,27,15.2%,74%,57%,48%,7.0,64%,70%,42%,6.6
162,09X543,High School for Violin and Dance,1110 Boston Road,Bronx,27,353,315,371,47,4,8.5%,47,4,8.5%,87%,49%,41%,6.8,71%,71%,33%,6.4
163,09X564,Claremont International HS,240 East 172 Street,Bronx,,,,,,,,,,,94%,,,8.3,,,,
164,10X141,Riverdale / Kingsbridge Academy (Middle School / High School 141),660 West 237 Street,Bronx,113,438,455,440,135,36,26.7%,135,36,26.7%,78%,78%,67%,6.7,78%,84%,82%,6.5
165,10X213,Bronx Engineering and Technology Academy,99 Terrace View Avenue,Bronx,86,373,412,365,73,11,15.1%,73,11,15.1%,80%,74%,44%,6.8,70%,70%,46%,6.4
166,10X225,Theatre Arts Production Company School,2225 Webster Avenue,Bronx,59,405,391,394,62,12,19.4%,62,12,19.4%,84%,83%,67%,7.3,85%,83%,78%,6.7
167,10X237,"The Marie Curie School for Medicine, Nursing, and Health Professions",120 West 231 Street,Bronx,79,382,393,382,67,1,1.5%,67,1,1.5%,84%,67%,66%,6.5,85%,78%,40%,6.1
168,10X243,West Bronx Academy for the Future,500 East Fordham Road,Bronx,26,382,406,370,72,5,6.9%,72,5,6.9%,75%,74%,38%,6.8,76%,67%,46%,6.3
169,10X264,Bronx Academy for Software Engineering (BASE),2474 Crotona Avenue,Bronx,,,,,,,,,,,,,,,,,,
170,10X268,Kingsbridge International High School,2780 Reservoir Avenue,Bronx,52,304,356,302,118,4,3.4%,118,4,3.4%,78%,48%,47%,7.8,81%,48%,31%,7.2
171,10X284,Bronx School of Law and Finance,99 Terrace View Avenue,Bronx,54,402,395,385,99,8,8.1%,99,8,8.1%,62%,66%,47%,7.1,68%,72%,44%,6.6
172,10X342,International School for Liberal Arts,2780 Reservoir Avenue,Bronx,49,300,333,301,83,7,8.4%,83,7,8.4%,86%,65%,38%,8.3,72%,71%,34%,7.3
173,10X351,Bronx Collaborative High School,100 West Mosholu Parkway South,Bronx,,,,,,,,,,,,,,,,,,
174,10X353,World View High School,100 West Mosholu Parkway South,Bronx,,,,,,,,,,,,,,,,,,
175,10X368,In-Tech Academy (M.S. / High School 368),2975 Tibbett Avenue,Bronx,111,390,408,383,115,17,14.8%,115,18,15.7%,69%,69%,68%,7.2,70%,84%,59%,6.8
176,10X374,Knowledge and Power Preparatory Academy International High School (Kappa),500 East Fordham Road,Bronx,61,392,401,387,2,,,2,,,86%,85%,61%,7.9,90%,75%,79%,7.4
177,10X433,High School for Teaching and the Professions,2780 Reservoir Avenue,Bronx,57,370,371,365,134,5,3.7%,134,5,3.7%,73%,68%,30%,6.6,73%,53%,53%,6.2
178,10X434,Belmont Preparatory High School,500 East Fordham Road,Bronx,51,404,418,400,96,3,3.1%,96,3,3.1%,86%,65%,34%,6.7,81%,66%,47%,6.3
179,10X437,Fordham High School for the Arts,500 East Fordham Road,Bronx,48,355,350,372,82,5,6.1%,82,5,6.1%,88%,85%,33%,7.9,85%,76%,32%,7.7
180,10X438,Fordham Leadership Academy for Business and Technology,500 East Fordham Road,Bronx,63,367,385,367,144,11,7.6%,144,11,7.6%,78%,38%,31%,7.0,69%,53%,38%,5.6
181,10X439,Bronx High School for Law and Community Service,500 East Fordham Road,Bronx,65,366,364,352,115,9,7.8%,115,9,7.8%,78%,68%,45%,7.4,61%,59%,30%,6.6
182,10X440,DeWitt Clinton High School,100 West Mosholu Parkway South,Bronx,443,419,426,410,1013,158,15.6%,1013,162,16%,53%,55%,34%,6.3,51%,50%,40%,5.8
183,10X442,"Celia Cruz Bronx High School of Music, The",2780 Reservoir Avenue,Bronx,52,423,420,427,82,16,19.5%,82,16,19.5%,78%,87%,54%,7.2,78%,82%,62%,6.7
184,10X445,Bronx High School of Science,75 West 205 Street,Bronx,731,632,688,649,668,650,97.3%,668,656,98.2%,100%,100%,100%,7.4,100%,100%,100%,6.9
185,10X477,Marble Hill High School for International Studies,99 Terrace View Avenue,Bronx,99,414,435,414,107,43,40.2%,107,43,40.2%,92%,90%,74%,7.7,93%,92%,63%,7.1
186,10X524,Crotona International High School,2474 Crotona Avenue,Bronx,,,,,,,,,,,43%,,,7.5,74%,,,7.0
187,10X546,Bronx Theatre High School,99 Terrace View Avenue,Bronx,68,348,362,354,108,9,8.3%,108,10,9.3%,74%,74%,50%,8.3,71%,73%,41%,6.7
188,10X549,Discovery High School,2780 Reservoir Avenue,Bronx,55,372,379,364,96,5,5.2%,96,5,5.2%,76%,57%,37%,6.9,75%,54%,45%,6.6
189,10X565,High School for Energy and Technology,2474 Crotona Avenue,Bronx,,,,,,,,,,,89%,,,8.1,,,,
190,10X696,High School of American Studies at Lehman College,2925 Goulden Avenue,Bronx,92,636,648,636,78,74,94.9%,78,75,96.2%,98%,100%,99%,8.1,100%,100%,99%,7.9
191,11X249,Bronx Health Sciences High School,750 Baychester Avenue,Bronx,74,370,381,382,58,2,3.4%,58,2,3.4%,78%,98%,67%,6.3,80%,97%,74%,6.4
192,11X253,Bronx High School for Writing and Communication Arts,800 East Gun Hill Road,Bronx,46,400,357,390,118,10,8.5%,118,11,9.3%,81%,54%,27%,7.2,71%,57%,33%,6.5
193,11X265,Bronx Lab School,800 East Gun Hill Road,Bronx,81,377,391,367,94,5,5.3%,94,6,6.4%,81%,66%,39%,6.8,87%,58%,42%,6.6
194,11X270,Academy for Scholarship and Entrepreneurship: A College Board School,921 East 228Th Street,Bronx,56,386,394,361,65,4,6.2%,65,4,6.2%,80%,74%,34%,6.6,81%,70%,41%,5.9
195,11X275,High School of Computers and Technology,800 East Gun Hill Road,Bronx,72,381,376,354,90,11,12.2%,90,11,12.2%,86%,85%,67%,7.8,89%,82%,52%,6.9
196,11X288,Collegiate Institute for Math and Science,925 Astor Avenue,Bronx,97,444,471,433,121,37,30.6%,121,37,30.6%,77%,89%,81%,7.8,82%,90%,61%,7.3
197,11X290,Bronx Academy of Health Careers,800 East Gun Hill Road,Bronx,69,387,365,383,99,8,8.1%,99,8,8.1%,76%,66%,67%,6.6,78%,74%,62%,5.9
198,11X299,Astor Collegiate Academy,925 Astor Avenue,Bronx,60,387,391,391,111,4,3.6%,111,4,3.6%,80%,63%,45%,6.3,82%,69%,41%,6.2
199,11X418,Bronx High School for the Visual Arts,2040 Antin Pl,Bronx,48,419,433,416,95,13,13.7%,95,13,13.7%,66%,58%,35%,7.5,57%,62%,37%,6.3
200,11X455,Harry S Truman High School,750 Baychester Avenue,Bronx,189,386,397,368,565,51,9%,565,52,9.2%,67%,58%,34%,7.1,61%,65%,32%,6.7
201,11X508,Bronxdale High School,925 Astor Avenue,Bronx,,,,,,,,,,,85%,,,7.0,87%,,,6.4
202,11X509,High School of Language and Innovation,925 Astor Avenue,Bronx,,,,,,,,,,,61%,,,8.2,81%,,,8.3
203,11X513,New World High School,921 East 228Th Street,Bronx,72,332,381,335,62,11,17.7%,62,11,17.7%,85%,84%,57%,7.7,91%,74%,50%,7.1
204,11X514,The Bronxwood Preparatory Academy,921 East 228Th Street,Bronx,48,377,372,363,66,2,3%,66,2,3%,74%,57%,24%,7.1,70%,50%,28%,6.5
205,11X542,Pelham Preparatory Academy,925 Astor Avenue,Bronx,76,431,438,419,111,29,26.1%,111,29,26.1%,81%,95%,83%,7.4,79%,91%,83%,7.0
206,11X544,High School for Contemporary Arts,800 East Gun Hill Road,Bronx,55,383,378,365,118,6,5.1%,118,6,5.1%,83%,71%,57%,6.6,80%,72%,49%,6.4
207,11X545,Bronx Aerospace High School,800 East Gun Hill Road,Bronx,46,388,393,382,70,6,8.6%,70,6,8.6%,66%,74%,58%,6.1,76%,75%,56%,5.9
208,12X242,Mott Hall V,1551 East 172Nd Street,Bronx,,,,,,,,,,,79%,,,7.9,68%,,,7.1
209,12X248,"Metropolitan High School, The",1180 Rev. J.A. Polite Ave.,Bronx,49,347,367,341,104,4,3.8%,104,4,3.8%,77%,71%,42%,7.6,87%,75%,53%,7.2
210,12X251,Explorations Academy,1619 Boston Road,Bronx,57,381,381,360,69,0,0%,69,0,0%,78%,55%,41%,7.5,68%,63%,42%,6.9
211,12X267,Bronx Latin,800 Home Street,Bronx,36,408,432,411,2,,,2,,,87%,73%,63%,8.6,81%,77%,70%,8.8
212,12X271,East Bronx Academy for the Future,1716 Southern Boulevard,Bronx,46,366,378,358,74,1,1.4%,74,1,1.4%,77%,70%,46%,7.5,72%,75%,42%,6.9
213,12X278,Peace and Diversity Academy,1180 Rev. J.A. Polite Ave.,Bronx,34,390,401,364,96,4,4.2%,96,4,4.2%,59%,43%,23%,9.2,50%,42%,21%,8.7
214,12X372,Urban Assembly School for Wildlife Conservation,2024 Mohegan Avenue,Bronx,,,,,,,,,,,85%,,,7.1,69%,,,6.8
215,12X388,Pan American International High School at Monroe,1300 Boynton Avenue,Bronx,30,321,351,298,,,,,,,91%,68%,31%,8.7,94%,58%,,8.0
216,12X478,THE CINEMA SCHOOL,1551 East 172Nd Street,Bronx,,,,,,,,,,,98%,97%,,7.9,99%,,,7.8
217,12X479,Bronx Career and College Preparatory High School,800 Home Street,Bronx,,,,,,,,,,,41%,60%,,7.4,63%,,,6.5
218,12X511,Bronx Envision Academy,1619 Boston Road,Bronx,,,,,,,,,,,91%,,,7.3,80%,,,6.6
219,12X521,The Metropolitan Soundview High School,1300 Boynton Avenue,Bronx,,,,,,,,,,,82%,,,7.6,79%,,,7.6
220,12X550,High School of World Cultures,1300 Boynton Avenue,Bronx,42,304,323,312,52,4,7.7%,52,4,7.7%,70%,47%,29%,8.0,76%,58%,43%,7.1
221,12X682,Fannie Lou Hamer Freedom High School,1021 Jennings Street,Bronx,72,342,346,341,,,,,,,74%,66%,44%,7.4,72%,59%,31%,6.8
222,12X684,Wings Academy,1122 East 180 Street,Bronx,66,378,374,362,,,,,,,65%,65%,38%,6.8,69%,57%,29%,6.3
223,12X692,Monroe Academy for Visual Arts & Design,1300 Boynton Avenue,Bronx,43,332,357,349,112,2,1.8%,112,2,1.8%,61%,45%,27%,6.4,66%,42%,25%,6.3
224,13K265,Dr. Susan S. McKinney Secondary School of the Arts,101 Park Avenue,Brooklyn,29,352,349,373,81,5,6.2%,81,5,6.2%,83%,63%,44%,7.2,75%,80%,51%,6.7
225,13K350,Urban Assembly High School of Music and Art,49 Flatbush Avenue Extension,Brooklyn,52,360,364,356,96,6,6.3%,96,6,6.3%,88%,49%,47%,7.7,70%,61%,60%,6.9
226,13K412,"Brooklyn Community High School of Communication, Arts and Media",300 Willoughby Avenue,Brooklyn,37,375,355,384,78,1,1.3%,78,2,2.6%,81%,70%,44%,7.3,88%,65%,46%,7.0
227,13K419,"Science Skills Center High School for Science, Technology and the Creative Arts",49 Flatbush Avenue Extension,Brooklyn,92,399,417,395,231,23,10%,231,25,10.8%,87%,69%,51%,5.5,84%,74%,57%,6.0
228,13K430,Brooklyn Technical High School,29 Ft Greene Place,Brooklyn,1277,587,659,587,1097,967,88.1%,1097,1001,91.2%,99%,98%,83%,7.1,97%,96%,95%,6.7
229,13K439,Brooklyn International High School,49 Flatbush Avenue Extension,Brooklyn,90,305,364,312,,,,,,,98%,85%,64%,8.6,89%,82%,54%,8.2
230,13K483,The Urban Assembly School for Law and Justice,283 Adams Street,Brooklyn,105,400,417,389,109,29,26.6%,109,29,26.6%,87%,89%,82%,7.3,84%,91%,83%,7.0
231,13K499,ACORN Community High School,561 Grand Avenue,Brooklyn,72,384,364,368,169,6,3.6%,169,6,3.6%,72%,71%,43%,7.5,70%,72%,39%,7.2
232,13K527,Urban Assembly Institute of Math and Science for Young Women,283 Adams Street,Brooklyn,,,,,,,,,,,72%,78%,,7.5,81%,,,6.8
233,13K595,Bedford Academy High School,1119 Bedford Avenue,Brooklyn,89,438,443,431,76,35,46.1%,76,35,46.1%,99%,95%,82%,8.0,99%,97%,76%,7.2
234,13K605,George Westinghouse Career and Technical Education High School,105 Johnson Street,Brooklyn,85,406,391,392,246,4,1.6%,246,4,1.6%,75%,67%,33%,6.8,74%,62%,47%,5.8
235,13K670,Benjamin Banneker Academy,71-77 Clinton Avenue,Brooklyn,185,471,472,448,234,92,39.3%,234,93,39.7%,91%,95%,76%,7.0,89%,94%,72%,6.5
236,13K674,"City Polytechnic High School of Engineering, Architecture, and Technology",105 Johnson Street,Brooklyn,20,441,499,413,,,,,,,89%,83%,,7.5,84%,,,6.8
237,14K071,Juan Morel Campos Secondary School,215 Heyward Street,Brooklyn,102,365,361,359,100,4,4%,100,5,5%,68%,48%,30%,7.7,54%,46%,36%,6.6
238,14K322,Foundations Academy,70 Tompkins Avenue,Brooklyn,,,,,60,5,8.3%,60,5,8.3%,48%,20%,6%,6.4,47%,26%,25%,6.1
239,14K449,"Brooklyn Latin School, The",223 Graham Avenue,Brooklyn,72,586,584,570,51,37,72.5%,51,38,74.5%,95%,100%,87%,7.9,98%,99%,86%,7.6
240,14K454,Green School: An Academy for Environmental Careers,223 Graham Avenue,Brooklyn,41,407,386,396,96,4,4.2%,96,4,4.2%,81%,49%,30%,6.8,83%,69%,42%,6.5
241,14K474,PROGRESS High School for Professional Careers,850 Grand Street,Brooklyn,144,364,379,371,207,14,6.8%,207,14,6.8%,72%,59%,44%,7.5,70%,75%,40%,6.5
242,14K477,School for Legal Studies,850 Grand Street,Brooklyn,134,413,396,395,146,12,8.2%,146,12,8.2%,55%,43%,45%,6.8,56%,69%,52%,6.6
243,14K478,"The High School for Enterprise, Business and Technology",850 Grand Street,Brooklyn,142,398,421,396,161,16,9.9%,161,16,9.9%,80%,73%,50%,7.2,83%,77%,54%,6.1
244,14K488,Brooklyn Preparatory High School,257 North 6 Street,Brooklyn,42,367,373,350,75,8,10.7%,75,8,10.7%,90%,74%,54%,7.1,90%,76%,62%,6.5
245,14K558,Williamsburg High School for Architecture and Design,257 North 6 Street,Brooklyn,72,363,385,364,97,13,13.4%,97,13,13.4%,93%,90%,52%,8.8,94%,88%,48%,7.2
246,14K561,Williamsburg Preparatory School,257 North 6 Street,Brooklyn,113,397,410,380,108,15,13.9%,108,17,15.7%,93%,89%,67%,8.1,93%,91%,73%,7.3
247,14K586,Lyons Community School,223 Graham Avenue,Brooklyn,31,371,377,355,4,,,4,,,74%,60%,35%,7.3,73%,65%,46%,6.8
248,14K610,Automotive High School,50 Bedford Avenue,Brooklyn,94,367,376,350,233,3,1.3%,233,3,1.3%,59%,45%,38%,6.9,59%,64%,26%,6.2
249,14K614,Young Women's Leadership School of Brooklyn,325 Bushwick Avenue,Brooklyn,,,,,,,,,,,86%,,,7.8,73%,,,7.2
250,14K632,Frances Perkins Academy,50 Bedford Avenue,Brooklyn,12,382,372,368,,,,,,,92%,46%,31%,7.6,95%,60%,,6.6
251,14K685,El Puente Academy for Peace and Justice,250 Hooper Street,Brooklyn,28,359,335,341,,,,,,,90%,78%,34%,7.9,87%,68%,36%,7.3
252,15K423,Brooklyn Frontiers High School,112 Schermerhorn Street,Brooklyn,,,,,,,,,,,,,,6.9,,,,6.6
253,15K429,Brooklyn School for Global Studies,284 Baltic Street,Brooklyn,52,361,367,383,,,,,,,88%,75%,54%,6.9,84%,65%,49%,6.3
254,15K448,Brooklyn Secondary School for Collaborative Studies,610 Henry Street,Brooklyn,76,393,399,387,,,,,,,80%,87%,74%,7.4,89%,82%,77%,7.1
255,15K462,Secondary School for Law,237 7 Avenue,Brooklyn,59,398,411,394,89,7,7.9%,89,7,7.9%,60%,82%,53%,6.6,81%,81%,47%,6.6
256,15K463,Secondary School for Journalism,237 7 Avenue,Brooklyn,58,397,391,381,94,8,8.5%,94,9,9.6%,77%,65%,42%,6.6,67%,62%,46%,6.3
257,15K464,Park Slope Collegiate,237 7 Avenue,Brooklyn,72,379,416,380,87,5,5.7%,87,5,5.7%,80%,39%,50%,6.8,66%,63%,44%,6.6
258,15K497,School for International Studies,284 Baltic Street,Brooklyn,64,405,415,392,65,12,18.5%,65,12,18.5%,72%,47%,52%,6.9,75%,70%,50%,6.9
259,15K519,Cobble Hill School of American Studies,347 Baltic Street,Brooklyn,77,398,402,385,142,4,2.8%,142,4,2.8%,83%,79%,41%,7.8,74%,72%,32%,6.0
260,15K592,Khalil Gibran International Academy,362 Schermerhorn Street,Brooklyn,,,,,,,,,,,74%,,,8.1,,,,8.0
261,15K656,Brooklyn High School of the Arts,345 Dean Street,Brooklyn,141,426,421,411,100,16,16%,100,17,17%,83%,83%,59%,6.9,86%,78%,63%,6.4
262,15K667,Sunset Park High School,153 35Th Street,Brooklyn,,,,,,,,,,,93%,71%,,7.7,90%,,,7.2
263,15K684,Millennium Brooklyn HS,237 7 Avenue,Brooklyn,,,,,,,,,,,99%,,,8.1,96%,,,7.9
264,16K393,Frederick Douglass Academy IV Secondary School,1014 Lafayette Avenue,Brooklyn,20,355,355,358,71,6,8.5%,71,6,8.5%,71%,78%,19%,8.0,65%,51%,32%,6.4
265,16K455,Boys and Girls High School,1700 Fulton Street,Brooklyn,131,365,370,362,530,11,2.1%,530,11,2.1%,55%,44%,19%,7.6,48%,39%,21%,6.9
266,16K498,Brooklyn High School for Law and Technology,1396 Broadway,Brooklyn,46,362,372,358,,,,,,,91%,59%,41%,7.6,84%,72%,41%,6.4
267,16K594,Gotham Professional Arts Academy,265 Ralph Avenue,Brooklyn,36,370,372,351,,,,,,,82%,66%,31%,7.7,82%,62%,33%,7.0
268,16K688,The Brooklyn Academy of Global Finance,125 Stuyvesant Avenue,Brooklyn,,,,,,,,,,,52%,55%,,6.9,59%,,,4.8
269,16K765,Nelson Mandela School for Social Justice,1700 Fulton Street,Brooklyn,,,,,,,,,,,,,,,,,,
270,17K122,Pathways in Technology Early College High School (P-Tech),150 Albany Avenue,Brooklyn,,,,,,,,,,,85%,,,7.9,96%,,,7.2
271,17K382,Academy for College Preparation and Career Exploration: A College Board School,911 Flatbush Avenue,Brooklyn,59,396,374,369,69,14,20.3%,69,14,20.3%,78%,71%,53%,6.6,73%,72%,41%,5.8
272,17K408,Academy of Hospitality and Tourism,911 Flatbush Avenue,Brooklyn,57,352,342,351,81,10,12.3%,81,10,12.3%,64%,46%,42%,6.8,83%,61%,54%,6.3
273,17K524,International High School at Prospect Heights,883 Classon Avenue,Brooklyn,71,287,335,291,84,5,6%,84,5,6%,83%,66%,43%,8.0,96%,57%,43%,7.5
274,17K528,The High School for Global Citizenship,883 Classon Avenue,Brooklyn,46,403,385,388,104,12,11.5%,104,12,11.5%,83%,57%,52%,7.1,67%,77%,32%,6.7
275,17K531,"School for Human Rights, The",600 Kingston Avenue,Brooklyn,35,348,381,359,60,5,8.3%,60,5,8.3%,88%,70%,58%,8.0,79%,85%,36%,7.4
276,17K533,School for Democracy and Leadership,600 Kingston Avenue,Brooklyn,38,377,404,372,74,0,0%,74,8,10.8%,85%,54%,44%,6.5,76%,68%,42%,6.3
277,17K537,High School for Youth and Community Development at Erasmus,911 Flatbush Avenue,Brooklyn,73,338,349,340,100,11,11%,100,11,11%,83%,68%,51%,6.9,89%,70%,32%,6.0
278,17K539,High School for Service & Learning at Erasmus,911 Flatbush Avenue,Brooklyn,61,362,375,368,116,9,7.8%,116,9,7.8%,86%,71%,38%,6.6,83%,75%,44%,6.2
279,17K543,"Science, Technology and Research Early College High School at Erasmus",911 Flatbush Avenue,Brooklyn,69,457,462,441,76,21,27.6%,76,21,27.6%,95%,96%,97%,7.5,93%,99%,84%,7.2
280,17K546,High School for Public Service: Heroes of Tomorrow,600 Kingston Avenue,Brooklyn,79,418,441,414,93,22,23.7%,93,22,23.7%,93%,94%,81%,7.9,96%,96%,82%,7.4
281,17K547,Brooklyn Academy of Science and the Environment,883 Classon Avenue,Brooklyn,63,388,382,373,110,20,18.2%,110,20,18.2%,87%,64%,42%,6.9,80%,69%,47%,6.4
282,17K548,Brooklyn School for Music & Theatre,883 Classon Avenue,Brooklyn,48,385,393,373,88,5,5.7%,88,5,5.7%,85%,68%,40%,6.8,86%,74%,36%,6.5
283,17K590,Medgar Evers College Preparatory School,1186 Carroll Street,Brooklyn,165,476,481,479,156,55,35.3%,156,55,35.3%,92%,96%,84%,7.7,95%,99%,76%,6.2
284,17K600,Clara Barton High School,901 Classon Avenue,Brooklyn,259,425,413,413,488,104,21.3%,488,110,22.5%,69%,72%,58%,6.5,66%,73%,55%,6.0
285,17K745,Brooklyn Institute for Liberal Arts,600 Kingston Avenue,Brooklyn,,,,,,,,,,,89%,,,7.8,,,,
286,17K751,Academy for Health Careers,150 Albany Avenue,Brooklyn,,,,,,,,,,,70%,,,6.6,82%,,,6.6
287,18K563,It Takes a Village Academy,5800 Tilden Avenue,Brooklyn,56,313,320,330,4,,,4,,,93%,89%,79%,7.2,93%,86%,88%,6.5
288,18K566,Brooklyn Generation School,6565 Flatlands Avenue,Brooklyn,29,374,377,394,4,,,4,,,73%,51%,47%,7.3,76%,54%,35%,6.4
289,18K567,Brooklyn Theatre Arts High School,6565 Flatlands Avenue,Brooklyn,54,383,358,377,3,,,3,,,71%,63%,45%,7.2,72%,65%,40%,6.2
290,18K569,Kurt Hahn Expeditionary Learning School,5800 Tilden Avenue,Brooklyn,43,368,378,346,5,,,5,,,80%,72%,53%,7.8,91%,77%,53%,7.2
291,18K576,Victory Collegiate High School,6565 Flatlands Avenue,Brooklyn,63,387,377,379,3,,,3,,,86%,87%,54%,7.6,87%,90%,43%,7.0
292,18K589,Arts & Media Preparatory Academy,905 Winthrop Street,Brooklyn,48,361,360,359,4,,,4,,,84%,45%,45%,8.0,73%,70%,40%,6.5
293,18K617,High School for Innovation in Advertising and Media,1600 Rockaway Parkway,Brooklyn,37,404,393,386,,,,,,,66%,68%,45%,7.5,91%,63%,,6.7
294,18K629,Cultural Academy for the Arts and Sciences,5800 Tilden Avenue,Brooklyn,33,393,395,381,2,,,2,,,69%,65%,39%,7.1,87%,72%,,6.8
295,18K633,High School for Medical Professions,1600 Rockaway Parkway,Brooklyn,75,386,380,393,,,,,,,96%,93%,68%,7.1,92%,94%,,6.5
296,18K637,Academy for Conservation and the Environment,6565 Flatlands Avenue,Brooklyn,35,363,381,367,,,,,,,86%,61%,41%,6.9,80%,56%,,6.2
297,18K642,Urban Action Academy,1600 Rockaway Parkway,Brooklyn,40,376,385,374,,,,,,,77%,68%,27%,7.2,76%,61%,,6.6
298,19K404,Academy for Young Writers,1065 Elton Street,Brooklyn,,,,,,,,,,,84%,65%,49%,7.4,66%,71%,59%,7.0
299,19K409,East New York Family Academy,2057 Linden Boulevard,Brooklyn,54,416,432,394,91,6,6.6%,91,6,6.6%,86%,87%,62%,7.0,90%,80%,52%,6.9
300,19K422,Spring Creek Community School,1065 Elton Street,Brooklyn,,,,,,,,,,,,,,,,,,
301,19K502,FDNY High School for Fire and Life Safety,400 Pennsylvania Avenue,Brooklyn,37,341,349,333,87,3,3.4%,87,3,3.4%,83%,65%,15%,7.6,72%,77%,9%,6.8
302,19K504,High School for Civil Rights,400 Pennsylvania Avenue,Brooklyn,47,363,349,342,111,4,3.6%,111,4,3.6%,84%,57%,24%,7.4,55%,62%,29%,6.8
303,19K507,Performing Arts and Technology High School,400 Pennsylvania Avenue,Brooklyn,61,380,386,383,111,4,3.6%,111,4,3.6%,85%,70%,37%,7.3,82%,63%,38%,6.6
304,19K510,World Academy for Total Community Health High School,400 Pennsylvania Avenue,Brooklyn,68,371,365,370,95,1,1.1%,95,5,5.3%,82%,65%,47%,6.5,72%,65%,43%,5.9
305,19K583,Multicultural High School,999 Jamaica Avenue,Brooklyn,29,279,322,286,3,,,3,,,81%,29%,25%,7.5,72%,35%,23%,6.8
306,19K615,Transit Tech Career and Technical Education High School,1 Wells Street,Brooklyn,182,395,418,380,346,38,11%,346,40,11.6%,53%,67%,42%,6.0,62%,71%,49%,5.7
307,19K618,Academy of Innovative Technology,999 Jamaica Avenue,Brooklyn,60,371,371,354,1,,,1,,,90%,53%,53%,7.5,85%,64%,,6.7
308,19K639,Brooklyn Lab School,999 Jamaica Avenue,Brooklyn,57,360,385,363,1,,,1,,,70%,50%,30%,6.9,66%,52%,,6.5
309,19K659,Cypress Hills Collegiate Preparatory School,999 Jamaica Avenue,Brooklyn,51,376,385,368,106,5,4.7%,106,5,4.7%,77%,47%,34%,7.3,72%,51%,36%,7.1
310,19K660,W. H. Maxwell Career and Technical Education High School,145 Pennsylvania Avenue,Brooklyn,74,370,369,363,226,6,2.7%,226,6,2.7%,78%,65%,30%,7.1,60%,67%,25%,6.8
311,19K683,"The School for Classics: An Academy of Thinkers, Writers and Peformers",370 Fountain Avenue,Brooklyn,38,383,400,374,,,,,,,85%,83%,48%,7.4,89%,85%,,7.0
312,19K764,The Urban Assembly School for Collaborative Healthcare,999 Jamaica Avenue,Brooklyn,,,,,,,,,,,,,,,,,,
313,20K445,New Utrecht High School,1601 80 Street,Brooklyn,456,402,471,399,621,171,27.5%,621,176,28.3%,77%,68%,60%,7.1,80%,73%,57%,6.4
314,20K485,High School of Telecommunication Arts and Technology,350 67 Street,Brooklyn,238,425,474,424,297,107,36%,297,108,36.4%,91%,83%,79%,7.5,90%,86%,72%,7.1
315,20K490,Fort Hamilton High School,8301 Shore Road,Brooklyn,694,417,478,411,986,295,29.9%,986,302,30.6%,81%,70%,58%,7.1,81%,66%,55%,6.8
316,20K505,Franklin Delano Roosevelt High School,5800 20 Avenue,Brooklyn,385,383,486,375,859,201,23.4%,859,206,24%,70%,60%,49%,7.1,81%,64%,47%,6.7
317,20K609,Urban Assembly School for Criminal Justice,4200 16 Avenue,Brooklyn,,,,,,,,,,,83%,,,8.3,69%,,,7.5
318,21K337,International High School at Lafayette,2630 Benson Avenue,Brooklyn,54,326,386,314,71,6,8.5%,71,6,8.5%,81%,50%,41%,7.9,94%,48%,48%,7.5
319,21K344,Rachel Carson High School for Coastal Studies,521 West Avenue,Brooklyn,54,402,427,408,113,28,24.8%,113,28,24.8%,81%,78%,52%,6.9,86%,62%,55%,6.5
320,21K348,High School of Sports Management,2630 Benson Avenue,Brooklyn,39,388,398,378,65,7,10.8%,65,7,10.8%,79%,74%,57%,7.5,73%,70%,59%,6.3
321,21K410,Abraham Lincoln High School,2800 Ocean Parkway,Brooklyn,475,396,437,393,620,94,15.2%,620,98,15.8%,76%,67%,55%,7.5,78%,71%,48%,7.1
322,21K468,Kingsborough Early College School,2630 Benson Avenue,Brooklyn,,,,,,,,,,,96%,91%,,7.0,88%,,,6.6
323,21K525,Edward R. Murrow High School,1600 Avenue L,Brooklyn,727,468,496,467,938,376,40.1%,938,381,40.6%,80%,78%,76%,7.1,81%,80%,72%,6.7
324,21K540,John Dewey High School,50 Avenue X,Brooklyn,448,404,468,390,603,125,20.7%,603,128,21.2%,84%,74%,57%,7.2,78%,72%,54%,7.1
325,21K559,Life Academy High School for Film and Music,2630 Benson Avenue,Brooklyn,40,384,375,365,1,,,1,,,85%,91%,49%,7.0,82%,77%,43%,6.2
326,21K572,Expeditionary Learning School for Community Leaders,2630 Benson Avenue,Brooklyn,40,353,370,356,3,,,3,,,92%,75%,56%,8.1,92%,56%,44%,7.1
327,21K620,William E. Grady Career and Technical Education High School,25 Brighton 4Th Road,Brooklyn,95,394,414,376,281,9,3.2%,281,11,3.9%,54%,61%,38%,7.2,63%,65%,34%,6.5
328,21K690,Brooklyn Studio Secondary School,8310 21St Avenue,Brooklyn,119,429,449,435,140,34,24.3%,140,34,24.3%,78%,76%,61%,7.0,85%,74%,60%,6.6
329,22K405,Midwood High School,2839 Bedford Avenue,Brooklyn,824,478,519,476,872,505,57.9%,872,525,60.2%,92%,85%,74%,7.7,89%,87%,82%,7.3
330,22K425,James Madison High School,3787 Bedford Avenue,Brooklyn,518,436,475,439,1076,328,30.5%,1076,336,31.2%,80%,75%,60%,6.9,78%,71%,57%,6.4
331,22K535,Leon M. Goldstein High School for the Sciences,1830 Shore Boulevard,Brooklyn,259,524,561,542,253,203,80.2%,253,203,80.2%,96%,96%,87%,7.8,98%,99%,89%,7.4
332,22K555,Brooklyn College Academy,350 Coney Island Avenue,Brooklyn,131,456,456,440,120,40,33.3%,120,40,33.3%,97%,97%,92%,7.8,99%,95%,89%,7.2
333,22K611,Origins High School,3000 Avenue X,Brooklyn,,,,,,,,,,,,,,,,,,
334,23K493,Brooklyn Collegiate: A College Board School,2021 Bergen Street,Brooklyn,60,389,409,387,70,6,8.6%,70,6,8.6%,66%,55%,49%,6.3,79%,71%,46%,6.2
335,23K514,Frederick Douglass Academy VII High School,226 Bristol Street,Brooklyn,55,361,371,359,92,7,7.6%,92,7,7.6%,68%,59%,46%,6.6,63%,63%,42%,6.3
336,23K644,Eagle Academy for Young Men II,1137 Herkimer Street,Brooklyn,,,,,,,,,,,57%,,,8.1,60%,,,8.2
337,23K697,Teachers Preparatory High School,226 Bristol Street,Brooklyn,69,392,416,388,99,24,24.2%,99,24,24.2%,63%,73%,55%,6.7,78%,82%,40%,6.7
338,24Q236,International High School for Health Sciences,48-01 90 Street,Elmhurst,,,,,,,,,,,,,,,,,,
339,24Q264,Academy of Finance and Enterprise,30-20 Thomson Avenue,Long Island City,89,405,454,421,90,12,13.3%,90,12,13.3%,94%,90%,83%,7.9,97%,96%,75%,7.2
340,24Q267,High School of Applied Communication,30-20 Thomson Avenue,Long Island City,39,406,413,400,101,12,11.9%,101,12,11.9%,89%,80%,60%,7.3,83%,76%,53%,6.7
341,24Q293,Civic Leadership Academy,45-10 94Th Street,Elmhurst,69,404,429,407,,,,,,,93%,85%,59%,8.2,89%,79%,,7.5
342,24Q296,Pan American International High School,45-10 94Th Street,Elmhurst,55,317,323,311,1,,,1,,,65%,42%,33%,7.8,82%,48%,26%,7.1
343,24Q299,Bard High School Early College Queens,30-20 Thomson Avenue,Long Island City,155,545,568,550,50,26,52%,50,26,52%,99%,96%,99%,8.5,100%,100%,93%,7.8
344,24Q455,Newtown High School,48-01 90 Street,Elmhurst,320,383,440,380,773,85,11%,773,89,11.5%,82%,61%,49%,7.6,73%,68%,40%,6.8
345,24Q485,Grover Cleveland High School,21-27 Himrod Street,Ridgewood,241,395,420,396,703,110,15.6%,703,114,16.2%,70%,60%,37%,7.1,83%,58%,32%,7.4
346,24Q520,Middle College High School at LaGuardia Community College,45-35 Van Dam Street,Long Island City,58,399,393,385,,,,,,,83%,74%,69%,7.8,76%,76%,55%,7.1
347,24Q530,International High School at LaGuardia Community College,45-35 Van Dam Street,Long Island City,69,326,409,329,,,,,,,95%,70%,60%,8.3,94%,74%,57%,7.7
348,24Q550,High School for Arts and Business,105-25 Horace Harding Expy N,Corona,138,391,403,380,187,18,9.6%,187,18,9.6%,90%,83%,63%,7.6,92%,83%,52%,6.8
349,24Q560,"Robert F. Wagner, Jr. Secondary School for Arts and Technology",47-07 30 Place,Long Island City,80,443,447,440,95,22,23.2%,95,23,24.2%,91%,86%,68%,7.8,84%,81%,68%,7.5
350,24Q585,Maspeth High School,54-40 74Th Street,Elmhurst,,,,,,,,,,,99%,,,7.4,98%,,,7.0
351,24Q600,Queens Vocational and Technical High School,37-02 47 Avenue,Long Island City,155,417,447,406,271,29,10.7%,271,29,10.7%,87%,80%,55%,7.0,84%,75%,53%,6.6
352,24Q610,Aviation Career & Technical Education High School,45-30 36 Street,Long Island City,396,445,496,423,368,127,34.5%,368,135,36.7%,96%,88%,80%,7.3,95%,89%,57%,6.8
353,25Q240,Veritas Academy,35-01 Union Street,Flushing,,,,,,,,,,,,,,,,,,
354,25Q241,Queens High School for Language Studies,35-01 Union Street,Flushing,,,,,,,,,,,,,,,,,,
355,25Q252,"Queens School of Inquiry, The",158-40 76 Road,Fresh Meadows,58,455,498,443,,,,,,,89%,92%,90%,7.7,73%,91%,,7.3
356,25Q263,Flushing International High School,144-80 Barclay Avenue,Flushing,45,314,417,318,86,8,9.3%,86,8,9.3%,85%,70%,51%,8.0,84%,60%,42%,7.4
357,25Q281,East-West School of International Studies,46-21 Colden Street,Flushing,59,416,463,392,75,16,21.3%,75,16,21.3%,86%,92%,75%,7.4,87%,92%,75%,7.0
358,25Q285,World Journalism Preparatory: A College Board School,34-65 192 Street,Flushing,63,471,489,481,82,9,11%,82,9,11%,98%,91%,76%,6.7,99%,90%,82%,6.7
359,25Q425,John Bowne High School,63-25 Main Street,Flushing,558,397,451,395,688,73,10.6%,688,73,10.6%,80%,66%,47%,7.0,81%,65%,43%,6.5
360,25Q460,Flushing High School,35-01 Union Street,Flushing,347,393,441,382,588,50,8.5%,588,50,8.5%,68%,54%,41%,6.2,71%,59%,37%,7.1
361,25Q525,Townsend Harris High School,149-11 Melbourne Avenue,Flushing,278,621,651,638,278,276,99.3%,278,276,99.3%,100%,100%,100%,8.0,100%,100%,100%,7.4
362,25Q670,Robert F. Kennedy Community High School,75-40 Parsons Boulevard,Fresh Meadows,99,431,458,441,159,35,22%,159,35,22%,89%,81%,75%,8.2,78%,76%,65%,7.1
363,26Q315,Business Technology Early College High School,230-17 Hillside Avenue,Queens Village,,,,,,,,,,,,,,,,,,
364,26Q415,Benjamin N. Cardozo High School,57-00 223Rd Street,Oakland Gardens,888,480,545,489,981,458,46.7%,981,468,47.7%,82%,87%,73%,6.6,88%,84%,76%,6.3
365,26Q430,Francis Lewis High School,58-20 Utopia Parkway,Fresh Meadows,934,468,539,467,1209,564,46.7%,1209,611,50.5%,92%,86%,77%,8.2,92%,89%,79%,7.5
366,26Q435,Martin Van Buren High School,230-17 Hillside Avenue,Queens Village,334,391,397,384,755,104,13.8%,755,104,13.8%,76%,53%,40%,6.0,72%,56%,45%,5.7
367,26Q495,Bayside High School,32-24 Corporal Kennedy Street,Bayside,708,462,523,464,902,454,50.3%,902,465,51.6%,97%,92%,77%,7.8,95%,91%,73%,8.0
368,26Q566,"Queens High School of Teaching, Liberal Arts and the Sciences",74-20 Commonwealth Blvd,Bellerose,175,425,434,420,281,55,19.6%,281,55,19.6%,82%,90%,74%,6.9,89%,89%,70%,6.6
369,27Q260,Frederick Douglass Academy VI High School,8-21 Bay 25 Street,Far Rockaway,87,387,385,373,95,11,11.6%,95,11,11.6%,79%,52%,40%,6.6,46%,70%,55%,6.2
370,27Q262,Channel View School for Research,100-00 Beach Channel Drive,Rockaway Park,74,432,419,401,71,14,19.7%,71,14,19.7%,89%,86%,61%,7.9,95%,91%,72%,7.6
371,27Q302,"Queens High School for Information, Research, and Technology",8-21 Bay 25 Street,Far Rockaway,44,391,401,364,2,,,2,,,76%,61%,46%,6.8,63%,81%,,6.2
372,27Q308,Robert H. Goddard High School of Communication Arts and Technology,138-30 Lafayette Street,Ozone Park,93,423,426,416,,,,,,,91%,90%,65%,7.7,91%,85%,,7.0
373,27Q309,Academy of Medical Technology: A College Board School,8-21 Bay 25 Street,Far Rockaway,36,367,379,348,,,,,,,69%,65%,67%,6.8,72%,78%,,6.2
374,27Q314,Epic High School  South,121-10 Rockaway Boulevard,Queens,,,,,,,,,,,,,,,,,,
375,27Q323,Scholars' Academy,320 Beach 104Th Street,Rockaway Park,89,499,537,496,,,,,,,98%,100%,94%,8.6,100%,99%,97%,8.1
376,27Q324,Rockaway Park High School for Environmental Sustainability,100-00 Beach Channel Drive,Rockaway Park,,,,,,,,,,,76%,,,7.4,73%,,,6.4
377,27Q334,Epic High School  North,94-25 117th Street,South Richmond Hill,,,,,,,,,,,,,,,,,,
378,27Q351,Rockaway Collegiate High School,100-00 Beach Channel Drive,Rockaway Park,,,,,,,,,,,70%,,,7.3,79%,,,7.2
379,27Q400,August Martin High School,156-10 Baisley Boulevard,Jamaica,101,377,371,360,288,8,2.8%,288,8,2.8%,31%,39%,24%,6.0,57%,41%,30%,6.8
380,27Q475,Richmond Hill High School,89-30 114 Street,Richmond Hill,404,382,404,368,867,81,9.3%,867,83,9.6%,73%,58%,39%,6.6,81%,60%,35%,6.2
381,27Q480,John Adams High School,101-01 Rockaway Boulevard,Ozone Park,403,391,409,392,808,65,8%,808,66,8.2%,78%,52%,40%,6.6,77%,54%,39%,6.5
382,27Q650,"High School for Construction Trades, Engineering and Architecture",94-06 104Th Street,Ozone Park,194,429,491,425,177,39,22%,177,39,22%,97%,98%,82%,6.9,96%,96%,82%,6.7
383,28Q167,Metropolitan Expeditionary Learning School,91-30 Metropolitan Avenue,Forest Hills,,,,,,,,,,,97%,,,8.0,,,,7.7
384,28Q284,York Early College Academy,108-35 167 Street,Jamaica,,,,,,,,,,,92%,94%,,7.6,80%,,,6.9
385,28Q310,Queens Collegiate: A College Board School,167-01 Gothic Drive,Jamaica,68,420,445,400,,,,,,,93%,80%,63%,7.2,90%,81%,,7.0
386,28Q325,Hillside Arts & Letters Academy,167-01 Gothic Drive,Jamaica,,,,,,,,,,,90%,,,7.6,83%,,,6.9
387,28Q328,High School for Community Leadership,167-01 Gothic Drive,Jamaica,,,,,,,,,,,83%,,,7.8,66%,,,7.1
388,28Q350,Jamaica Gateway to the Sciences,167-01 Gothic Drive,Jamaica,25,430,452,425,,,,,,,86%,95%,80%,7.0,90%,98%,,6.9
389,28Q440,Forest Hills High School,67-01 110 Street,Forest Hills,762,456,497,454,959,370,38.6%,959,372,38.8%,88%,86%,69%,7.2,88%,86%,66%,7.0
390,28Q505,Hillcrest High School,160-05 Highland Avenue,Jamaica,462,395,413,386,766,102,13.3%,766,104,13.6%,83%,72%,56%,8.4,86%,71%,55%,6.9
391,28Q620,Thomas A. Edison Career and Technical Education High School,165-65 84 Avenue,Jamaica,422,452,478,442,819,352,43%,819,358,43.7%,93%,84%,71%,7.2,90%,86%,69%,6.8
392,28Q680,Queens Gateway to Health Sciences Secondary School,160-20 Goethals Avenue,Jamaica,99,513,523,502,117,67,57.3%,117,71,60.7%,100%,97%,83%,6.9,98%,94%,90%,6.7
393,28Q686,QUEENS METROPOLITAN HIGH SCHOOL,91-30 Metropolitan Avenue,Forest Hills,,,,,,,,,,,87%,,,7.1,76%,,,6.2
394,28Q687,Queens High School for the Sciences at York College,94-50 159 Street,Jamaica,121,612,660,596,107,100,93.5%,107,102,95.3%,100%,99%,84%,8.5,97%,98%,100%,7.0
395,28Q690,High School for Law Enforcement and Public Safety,116-25 Guy R Brewer Boulevard,Jamaica,74,406,406,384,126,16,12.7%,126,16,12.7%,65%,76%,58%,6.6,71%,71%,55%,6.1
396,28Q896,"Young Women's Leadership School, Queens",150-91 87 Road,Jamaica,68,439,445,432,,,,,,,90%,87%,93%,6.7,85%,96%,81%,6.3
397,29Q243,Institute for Health Professions at Cambria Heights,207- 01 116Th Avenue,Cambria Heights,,,,,,,,,,,,,,,,,,
398,29Q248,Queens Preparatory Academy,143-10 Springfield Boulevard,Springfield Gardens,52,360,380,359,95,8,8.4%,95,8,8.4%,91%,67%,36%,6.4,86%,57%,43%,6.2
399,29Q259,Pathways College Preparatory School: A College Board School,109-89 204 Street,Saint Albans,46,401,397,375,64,2,3.1%,64,2,3.1%,74%,75%,51%,7.2,76%,78%,59%,6.3
400,29Q265,Excelsior Preparatory High School,143-10 Springfield Boulevard,Springfield Gardens,49,402,398,402,91,6,6.6%,91,6,6.6%,89%,83%,46%,7.0,75%,77%,42%,6.3
401,29Q272,George Washington Carver High School for the Sciences,143-10 Springfield Boulevard,Springfield Gardens,59,436,427,424,103,28,27.2%,103,29,28.2%,81%,80%,50%,6.5,80%,76%,42%,6.0
402,29Q283,Preparatory Academy for Writers: A College Board School,143-10 Springfield Boulevard,Springfield Gardens,43,370,367,363,36,0,0%,36,0,0%,84%,80%,62%,7.2,85%,83%,41%,6.9
403,29Q313,Benjamin Franklin High School for Finance & Information Technology,207-01 116th Avenue,Cambria Heights,,,,,,,,,,,,,,,,,,
404,29Q326,Cambria Heights Academy,188-04 91St Avenue,Hollis,,,,,,,,,,,92%,,,7.6,89%,,,7.3
405,29Q327,Eagle Academy for Young Men III,171-10 Linden Boulevard,Jamaica,,,,,,,,,,,,,,,,,,
406,29Q492,"Mathematics, Science Research and Technology Magnet High School",207- 01 116Th Avenue,Cambria Heights,78,400,426,394,108,22,20.4%,108,22,20.4%,87%,69%,55%,6.6,88%,77%,56%,7.2
407,29Q498,Humanities & Arts Magnet High School,207- 01 116Th Avenue,Cambria Heights,62,393,381,377,94,7,7.4%,94,7,7.4%,78%,74%,51%,7.1,83%,78%,48%,6.1
408,30Q258,Energy Tech High School,36-41 28 Street,Astoria,,,,,,,,,,,,,,,,,,
409,30Q286,"Young Women's Leadership School, Astoria",23-15 Newtown Avenue,Astoria,,,,,,,,,,,99%,95%,,8.3,87%,,,7.7
410,30Q301,Academy for Careers in Television and Film,1-50 51St Avenue,Long Island City,98,410,440,405,,,,,,,99%,97%,80%,8.3,93%,96%,,7.5
411,30Q445,William Cullen Bryant High School,48-10 31 Avenue,Astoria,395,414,449,412,810,195,24.1%,810,203,25.1%,83%,66%,44%,6.8,75%,63%,43%,6.5
412,30Q450,Long Island City High School,14-30 Broadway,Astoria,392,403,420,395,718,127,17.7%,718,130,18.1%,79%,59%,40%,6.8,79%,56%,43%,6.3
413,30Q501,Frank Sinatra School of the Arts High School,35-12 35Th Avenue,Astoria,174,504,496,494,171,85,49.7%,171,86,50.3%,97%,94%,85%,7.1,99%,97%,88%,6.8
414,30Q502,Information Technology High School,21-16 44Th Road,Long Island City,148,407,434,398,267,46,17.2%,267,47,17.6%,78%,67%,57%,6.9,75%,74%,52%,6.3
415,30Q555,Newcomers High School,28-01 41 Avenue,Long Island City,143,323,475,329,214,38,17.8%,214,38,17.8%,77%,70%,45%,7.5,90%,67%,44%,6.8
416,30Q575,Academy of American Studies,28-04 41 Avenue,Long Island City,135,487,492,491,155,83,53.5%,155,85,54.8%,93%,92%,87%,7.7,89%,88%,85%,7.0
417,30Q580,Baccalaureate School for Global Education,34-12 36 Avenue,Astoria,61,524,568,544,72,56,77.8%,72,56,77.8%,100%,98%,92%,8.3,100%,97%,92%,7.8
418,31R047,CSI High School for International Studies,100 Essex Drive,Staten Island,137,452,451,450,80,19,23.8%,80,19,23.8%,91%,97%,95%,7.6,95%,97%,82%,6.9
419,31R064,Gaynor McCown Expeditionary Learning School,100 Essex Drive,Staten Island,61,398,412,385,,,,,,,89%,80%,68%,7.5,90%,84%,,6.7
420,31R080,The Michael J. Petrides School,715 Ocean Terrace,Staten Island,107,472,488,466,113,45,39.8%,113,45,39.8%,90%,92%,79%,8.0,88%,90%,68%,7.0
421,31R440,New Dorp High School,465 New Dorp Lane,Staten Island,391,424,437,416,509,103,20.2%,509,103,20.2%,81%,73%,51%,6.8,77%,76%,53%,6.6
422,31R445,Port Richmond High School,85 St Josephs Avenue,Staten Island,271,424,438,417,519,80,15.4%,519,81,15.6%,70%,61%,42%,6.6,69%,63%,48%,6.2
423,31R450,Curtis High School,105 Hamilton Avenue,Staten Island,375,437,435,429,649,132,20.3%,649,132,20.3%,78%,79%,51%,6.9,79%,74%,48%,6.4
424,31R455,Tottenville High School,100 Luten Avenue,Staten Island,807,462,486,470,1069,332,31.1%,1069,335,31.3%,90%,83%,66%,7.8,87%,85%,65%,7.2
425,31R460,Susan E. Wagner High School,1200 Manor Road,Staten Island,535,455,474,459,912,287,31.5%,912,288,31.6%,87%,81%,69%,7.4,85%,78%,74%,6.9
426,31R600,Ralph R. McKee Career and Technical Education High School,290 St Marks Place,Staten Island,94,416,422,397,175,16,9.1%,175,16,9.1%,81%,60%,44%,7.0,77%,67%,46%,6.8
427,31R605,Staten Island Technical High School,485 Clawson Street,Staten Island,227,635,682,636,288,282,97.9%,288,282,97.9%,100%,100%,100%,8.5,100%,100%,90%,8.1
428,32K168,The Brooklyn School for Math and Research,400 Irving Avenue,Brooklyn,,,,,,,,,,,84%,,,7.2,76%,,,6.9
429,32K403,Academy for Environmental Leadership,400 Irving Avenue,Brooklyn,50,380,366,352,99,6,6.1%,99,7,7.1%,84%,75%,37%,7.8,83%,65%,34%,6.9
430,32K545,EBC High School for Public Service - Bushwick,1155 Dekalb Avenue,Brooklyn,88,384,409,361,161,15,9.3%,161,15,9.3%,77%,70%,42%,7.6,72%,67%,47%,6.8
431,32K549,Bushwick School for Social Justice,400 Irving Avenue,Brooklyn,75,348,353,334,97,7,7.2%,97,7,7.2%,88%,55%,34%,7.5,70%,64%,33%,6.6
432,32K552,Academy of Urban Planning,400 Irving Avenue,Brooklyn,67,342,364,354,115,4,3.5%,115,4,3.5%,75%,51%,28%,7.1,61%,51%,31%,6.5
433,32K554,All City Leadership Secondary School,321 Palmetto Street,Brooklyn,39,428,465,422,43,9,20.9%,43,10,23.3%,97%,97%,84%,9.1,94%,97%,77%,8.9
434,32K556,Bushwick Leaders High School for Academic Excellence,797 Bushwick Avenue,Brooklyn,23,347,358,350,117,7,6%,117,7,6%,65%,70%,23%,7.1,63%,43%,25%,6.4
